aa_000,ab_000,ac_000,ad_000,ae_000,af_000,ag_000,ag_001,ag_002,ag_003,ag_004,ag_005,ag_006,ag_007,ag_008,ag_009,ah_000,ai_000,aj_000,ak_000,al_000,am_0,an_000,ao_000,ap_000,aq_000,ar_000,as_000,at_000,au_000,av_000,ax_000,ay_000,ay_001,ay_002,ay_003,ay_004,ay_005,ay_006,ay_007,ay_008,ay_009,az_000,az_001,az_002,az_003,az_004,az_005,az_006,az_007,az_008,az_009,ba_000,ba_001,ba_002,ba_003,ba_004,ba_005,ba_006,ba_007,ba_008,ba_009,bb_000,bc_000,bd_000,be_000,bf_000,bg_000,bh_000,bi_000,bj_000,bk_000,bl_000,bm_000,bn_000,bo_000,bp_000,bq_000,br_000,bs_000,bt_000,bu_000,bv_000,bx_000,by_000,bz_000,ca_000,cb_000,cc_000,cd_000,ce_000,cf_000,cg_000,ch_000,ci_000,cj_000,ck_000,cl_000,cm_000,cn_000,cn_001,cn_002,cn_003,cn_004,cn_005,cn_006,cn_007,cn_008,cn_009,co_000,cp_000,cq_000,cr_000,cs_000,cs_001,cs_002,cs_003,cs_004,cs_005,cs_006,cs_007,cs_008,cs_009,ct_000,cu_000,cv_000,cx_000,cy_000,cz_000,da_000,db_000,dc_000,dd_000,de_000,df_000,dg_000,dh_000,di_000,dj_000,dk_000,dl_000,dm_000,dn_000,do_000,dp_000,dq_000,dr_000,ds_000,dt_000,du_000,dv_000,dx_000,dy_000,dz_000,ea_000,eb_000,ec_00,ed_000,ee_000,ee_001,ee_002,ee_003,ee_004,ee_005,ee_006,ee_007,ee_008,ee_009,ef_000,eg_000,label,ab_000_was_missing,ac_000_was_missing,ad_000_was_missing,ak_000_was_missing,bk_000_was_missing,bl_000_was_missing,bm_000_was_missing,bn_000_was_missing,bo_000_was_missing,bp_000_was_missing,bq_000_was_missing,br_000_was_missing,bx_000_was_missing,ca_000_was_missing,cc_000_was_missing,cf_000_was_missing,cg_000_was_missing,ch_000_was_missing,cl_000_was_missing,cm_000_was_missing,co_000_was_missing,cr_000_was_missing,ct_000_was_missing,cu_000_was_missing,cv_000_was_missing,cx_000_was_missing,cy_000_was_missing,cz_000_was_missing,da_000_was_missing,db_000_was_missing,dc_000_was_missing,df_000_was_missing,dg_000_was_missing,dh_000_was_missing,di_000_was_missing,dj_000_was_missing,dk_000_was_missing,dl_000_was_missing,dm_000_was_missing,eb_000_was_missing,ec_00_was_missing,ed_000_was_missing,ag_total,ag_wmean,ag_concentration,ay_total,ay_wmean,ay_concentration,az_total,az_wmean,az_concentration,ba_total,ba_wmean,ba_concentration,cn_total,cn_wmean,cn_concentration,cs_total,cs_wmean,cs_concentration,ee_total,ee_wmean,ee_concentration
970660.0,0.0,146.0,122.0,0.0,0.0,0.0,0.0,0.0,0.0,4712.0,65954.0,2466518.0,1232700.0,21578.0,8.0,18378206.0,2543856.0,0.0,0.0,0.0,0.0,34841738.0,27120388.0,17369280.0,6913530.0,0.0,0.0,0.0,0.0,0.0,0.0,0.0,0.0,0.0,0.0,0.0,0.0,152682.0,1303644.0,2335140.0,0.0,8354.0,5440.0,6138.0,8002.0,1366624.0,2396528.0,380.0,0.0,0.0,0.0,1589348.0,688714.0,361038.0,262426.0,204750.0,223074.0,295484.0,165148.0,1484.0,0.0,52217606.0,16.0,64.0,9772.0,2806.0,18378206.0,740152.0,5572596.0,11734828.0,946640.0,854760.0,619820.0,669200.0,514520.0,494520.0,519840.0,473720.0,86820.0,970660.0,52217606.0,52217606.0,3866862.0,23939.0,966.0,67752.0,114600.0,3791482.0,1209600.0,0.0,2.0,44.0,0.0,63904310.4,0.0,17655459.84,0.0,0.0,0.0,0.0,0.0,20572.0,1114798.0,2389526.0,235640.0,24308.0,6540.0,82.0,8.0,14.0,52217606.0,0.0,2600.0,2476.0,8710.0,299364.0,322586.0,2423836.0,716196.0,15698.0,0.0,0.0,216.0,278.0,1107012.0,44304.0,0.0,212.0,0.0,0.0,1697258.0,55430.0,142.0,0.0,0.0,0.0,0.0,0.0,0.0,0.0,0.0,425456.0,10760.0,2236.0,0.0,0.0,46262.0,8106.0,178100.0,28602.0,0.0,0.0,0.0,0.0,627060.0,2137.32,2532.0,596324.0,1039594.0,555780.0,270322.0,505244.0,372902.0,249790.0,95062.0,105766.0,684.0,0.0,0.0,1,1,1,1,0,0,0,0,0,0,0,0,0,0,0,0,1,1,1,0,0,1,1,1,1,1,1,1,1,1,1,1,1,1,1,1,1,1,1,1,1,0,0,3791470.0,6.316632335215629,0.6505439842594033,3791466.0,7.575623782463037,0.6158936938904371,3791466.0,4.613819034642536,0.6320847925314377,3791466.0,1.8655712592437859,0.4191908881683233,3791466.0,4.775353913235672,0.6302380134755263,3791466.0,4.941248055501487,0.6392872835995365,3791468.0,2.601647699519025,0.2741930038707962
42098.0,0.0,1130.0,1034.0,0.0,0.0,0.0,0.0,0.0,0.0,486.0,373844.0,2051790.0,736210.0,55522.0,3438.0,1463538.0,0.0,0.0,0.0,0.0,0.0,2733100.0,2200528.0,722454.0,444680.0,0.0,0.0,0.0,0.0,2648.0,744.0,0.0,0.0,0.0,0.0,0.0,51182.0,1768600.0,1062150.0,339358.0,0.0,5658.0,4724.0,6798.0,169870.0,2542970.0,491246.0,24.0,0.0,0.0,0.0,1022488.0,914684.0,277206.0,200992.0,162492.0,140516.0,198902.0,304010.0,0.0,0.0,3456308.0,22.0,590.0,658.0,24.0,1463538.0,47170.0,327884.0,389620.0,245120.0,249220.0,237100.0,248500.0,267420.0,288320.0,301420.0,317460.0,218660.0,42098.37,3456308.0,3456308.0,3444308.0,21146.0,584.0,96914.0,1027700.0,3221290.0,1209600.0,117688.0,0.0,98.0,0.0,2811437.76,0.0,407053.44,0.0,0.0,0.0,0.0,0.0,33172.0,1086788.0,1650134.0,417568.0,27966.0,5368.0,294.0,28.0,36.0,3456308.0,0.0,6194.0,924.0,71280.0,211170.0,181286.0,2308930.0,427558.0,13786.0,162.0,0.0,1802.0,2450.0,2824654.0,131558.0,0.0,30006.0,0.0,26.0,2834212.0,3096.0,588.0,0.0,0.0,0.0,0.0,0.0,0.0,0.0,0.0,27184.0,28746.0,4508.0,0.0,0.0,95808.0,14010.0,60180.0,8382.0,2273888.0,428.0,0.0,0.0,14501030.0,1598.96,1994.0,428312.0,990550.0,431360.0,191706.0,387646.0,384998.0,179270.0,99900.0,123408.0,4140.0,0.0,0.0,0,1,0,0,0,0,0,1,1,1,1,1,1,0,0,0,0,0,0,0,0,0,1,0,0,0,0,0,0,0,0,0,0,0,0,0,0,0,0,0,0,0,0,3221290.0,6.149862943106644,0.636946689059352,3221290.0,6.524536443474509,0.549034703488354,3221290.0,4.084135237746369,0.7894259753080287,3221290.0,2.094223742662101,0.31741569371276723,3221290.0,4.794382995632184,0.5122587534807483,3221290.0,4.876907698468626,0.7167718522703638,3221290.0,2.7018387043699885,0.3075010321951765
541530.0,0.0,146.0,122.0,0.0,0.0,0.0,9836.0,476728.0,5066604.0,11505040.0,11899284.0,4158110.0,227432.0,22782.0,4388.0,10393330.0,15110.0,0.0,0.0,2085488.0,3267776.0,24485468.0,22487048.0,12513934.0,3443136.0,0.0,0.0,0.0,0.0,114.0,66.0,0.0,0.0,0.0,0.0,0.0,0.0,31576.0,18448590.0,14890038.0,0.0,105804.0,68378.0,119094.0,289976.0,5570788.0,27216164.0,0.0,0.0,0.0,0.0,5349768.0,11709146.0,5757468.0,3465100.0,1944584.0,1495590.0,1725520.0,1296628.0,450188.0,176212.0,39087626.0,16.0,64.0,174.0,2.0,10393330.0,377754.0,7555630.0,4951962.0,347400.0,351880.0,460440.0,463580.0,516800.0,643700.0,487160.0,411660.0,69780.0,541529.55,39087626.0,39087626.0,39128546.0,246632.0,966.0,24752.0,333400.0,33370204.0,1209600.0,3302.0,2.0,44.0,0.0,28325881.92,0.0,5040315.84,0.0,8.0,31844.0,1490594.0,7233016.0,11881378.0,9156838.0,3226904.0,289802.0,52654.0,7110.0,64.0,8.0,14.0,39087626.0,0.0,21454.0,4086.0,2513206.0,1932338.0,4521274.0,24231456.0,146390.0,0.0,0.0,0.0,1372.0,6576.0,25128058.0,9891466.0,6.0,83154.0,0.0,0.0,25904606.0,1328.0,142.0,0.0,0.0,0.0,0.0,0.0,0.0,0.0,0.0,239446.0,10760.0,2236.0,0.0,0.0,46262.0,8106.0,178100.0,28602.0,0.0,0.0,0.0,0.0,627060.0,746.56,846.0,5170866.0,3766774.0,2786194.0,1516780.0,3906754.0,7229264.0,8038736.0,872932.0,81848.0,56.0,0.0,0.0,1,1,1,1,1,0,0,0,0,0,0,0,0,0,1,0,1,1,1,1,1,1,1,0,0,0,0,0,0,0,0,0,1,1,1,1,1,1,1,1,1,1,1,33370204.0,4.448343078753729,0.3565840952006167,33370204.0,7.445261347518283,0.5528461857769884,33370204.0,4.780925702461992,0.8155827875670164,33370204.0,2.202341825659801,0.35088625769264103,33370204.0,3.1922932805565107,0.35604750872964397,33370204.0,4.52344336882088,0.7261404814906136,33370204.0,3.615832435426526,0.2408956205362125
498.0,0.0,48.0,28.0,0.0,0.0,0.0,0.0,0.0,1714.0,28144.0,29652.0,11960.0,718.0,150.0,0.0,23224.0,0.0,0.0,0.0,3534.0,6080.0,54724.0,41008.0,53298.0,6058.0,0.0,0.0,0.0,0.0,22.0,94.0,0.0,0.0,0.0,0.0,0.0,0.0,0.0,2948.0,69390.0,0.0,10236.0,174.0,260.0,472.0,4096.0,57100.0,0.0,0.0,0.0,0.0,41364.0,17486.0,5534.0,1198.0,794.0,900.0,754.0,2750.0,1188.0,370.0,111708.0,24.0,8.0,44.0,0.0,23224.0,1228.0,38562.0,14472.0,209420.0,220760.0,237100.0,248500.0,267420.0,288320.0,301420.0,317460.0,52360.0,498.74,111708.0,111708.0,120552.0,358.0,0.0,10442.0,110480.0,72338.0,1209600.0,2570.0,0.0,28.0,0.0,31954.56,0.0,30417.6,0.0,72.0,0.0,866.0,18016.0,33520.0,8352.0,8566.0,3000.0,18.0,0.0,0.0,18.0,26.0,111708.0,0.0,10016.0,56.0,2126.0,2130.0,37140.0,20200.0,670.0,0.0,0.0,0.0,48.0,136.0,31900.0,5310.0,0.0,58.0,0.0,0.0,34806.0,174.0,266.0,0.0,0.0,0.0,0.0,0.0,0.0,0.0,0.0,1154.0,100.0,10.0,42274.0,8490.0,1432.0,316.0,720.0,74.0,64586.0,56.0,0.0,0.0,0.0,163.26,188.0,32264.0,10098.0,4446.0,1252.0,10688.0,1770.0,5432.0,6388.0,0.0,0.0,0.0,0.0,0,1,0,0,0,1,1,1,1,1,1,1,1,0,0,0,0,0,0,0,0,0,1,0,0,0,0,0,0,0,0,0,0,0,0,0,0,0,0,0,0,0,0,72338.0,4.754955901462578,0.4099090381265725,72338.0,7.959246868865603,0.9592468688656032,72338.0,4.202410904365617,0.7893499958528021,72338.0,1.0565954270231415,0.5718156432303907,72338.0,3.204705687190688,0.4633802427493157,72338.0,3.6533772014708727,0.5134230971273742,72338.0,2.096491470596367,0.4460173076391385
48942.0,0.0,280.0,258.0,0.0,0.0,0.0,0.0,0.0,0.0,244.0,134584.0,2424254.0,489782.0,12982.0,240.0,1304762.0,0.0,0.0,0.0,0.0,0.0,2731068.0,2373356.0,419308.0,294894.0,0.0,0.0,0.0,0.0,956.0,128.0,0.0,0.0,0.0,0.0,0.0,219324.0,540098.0,2301526.0,1138.0,0.0,3240.0,886.0,1130.0,56464.0,2617044.0,383306.0,16.0,0.0,0.0,0.0,807672.0,696328.0,259344.0,270630.0,288976.0,266388.0,296676.0,176072.0,0.0,0.0,3150984.0,98.0,38.0,52.0,30.0,1304762.0,32996.0,182364.0,235822.0,153220.0,168920.0,237100.0,248500.0,267420.0,288320.0,301420.0,317460.0,91240.0,48941.57,3150984.0,3150984.0,3154096.0,23242.0,5260.0,68928.0,725260.0,3062086.0,1209600.0,100424.0,10.0,82.0,0.0,2679671.04,0.0,378654.72,0.0,0.0,0.0,0.0,0.0,474.0,1082156.0,1764376.0,185044.0,23948.0,5840.0,248.0,260.0,266.0,3150984.0,0.0,6178.0,632.0,85116.0,221932.0,132274.0,2114824.0,493648.0,7428.0,54.0,0.0,354.0,430.0,2508116.0,2196.0,0.0,140.0,0.0,28.0,2719336.0,2258.0,428.0,0.0,0.0,0.0,0.0,0.0,0.0,0.0,0.0,19638.0,42920.0,16196.0,0.0,0.0,60334.0,10776.0,9789180.0,1015988.0,0.0,0.0,0.0,0.0,47941590.0,1036.92,1414.0,406082.0,559714.0,353662.0,166602.0,347668.0,252318.0,277148.0,238078.0,440322.0,20492.0,0.0,0.0,0,1,0,0,0,0,0,1,1,1,1,1,1,0,0,0,0,0,0,0,0,0,1,0,0,0,0,0,0,0,0,0,0,0,0,0,0,0,0,0,0,0,0,3062086.0,6.124553653947015,0.7917001677941116,3062086.0,6.68073790220131,0.7516203006708498,3062086.0,4.100910294485524,0.8546605157399237,3062086.0,2.458229455345147,0.2637652894138179,3062086.0,4.728403447845684,0.5762006684332184,3062086.0,4.883661660711032,0.6906481398628256,3062086.0,3.741091530414234,0.18278846511822333
202.0,0.0,48.0,0.0,0.0,0.0,0.0,0.0,0.0,0.0,204.0,8840.0,18026.0,12734.0,0.0,0.0,16372.0,0.0,0.0,0.0,0.0,0.0,36056.0,22542.0,25174.0,4712.0,0.0,0.0,0.0,0.0,192.0,40.0,0.0,0.0,0.0,0.0,0.0,0.0,11012.0,2666.0,26126.0,0.0,1510.0,928.0,718.0,7202.0,10684.0,18000.0,762.0,0.0,0.0,0.0,30134.0,6472.0,2176.0,658.0,222.0,94.0,34.0,14.0,0.0,0.0,61324.0,10.0,2.0,6.0,2.0,16372.0,942.0,11318.0,13516.0,209420.0,220760.0,237100.0,248500.0,267420.0,288320.0,301420.0,317460.0,24220.0,201.71,61324.0,61324.0,60246.0,94.0,0.0,5432.0,60440.0,39804.0,1209600.0,1944.0,0.0,0.0,0.0,19638.72,0.0,19944.96,0.0,0.0,0.0,0.0,0.0,7982.0,12520.0,17372.0,1584.0,306.0,40.0,0.0,0.0,4.0,61324.0,0.0,506.0,70.0,74.0,786.0,2096.0,8848.0,21724.0,5480.0,220.0,0.0,0.0,0.0,0.0,0.0,0.0,0.0,0.0,0.0,0.0,294.0,112.0,0.0,0.0,0.0,0.0,0.0,0.0,0.0,0.0,792.0,30.0,6.0,0.0,0.0,602.0,226.0,1220.0,120.0,7806.0,40.0,0.0,0.0,0.0,191.96,192.0,21724.0,10018.0,2280.0,1030.0,1746.0,870.0,728.0,684.0,724.0,0.0,0.0,0.0,0,1,0,0,0,1,1,1,1,1,1,1,1,0,0,0,0,0,0,0,0,0,1,0,0,0,0,0,0,0,0,0,0,0,0,0,0,0,0,0,0,0,0,39804.0,6.087579137775098,0.45286905838609187,39804.0,7.379710581851071,0.6563661943523263,39804.0,4.05180383881017,0.4522158577027434,39804.0,0.3632298261481258,0.757059592000804,39804.0,4.342578635313034,0.43643854888955885,39804.0,5.669379961812883,0.5457742940407999,39804.0,1.1041603858908653,0.5457742940407999
804192.0,0.0,146.0,122.0,0.0,0.0,0.0,32582.0,569678.0,9136998.0,21562060.0,23861678.0,11488354.0,4348884.0,600202.0,2650.0,29334516.0,5872.0,0.0,0.0,2543150.0,3504244.0,58367008.0,53102818.0,12272666.0,7050750.0,24.0,0.0,404.0,0.0,34494.0,3934.0,0.0,0.0,0.0,0.0,0.0,0.0,0.0,13948090.0,57654992.0,0.0,149596.0,105168.0,335830.0,428260.0,29782982.0,40801246.0,0.0,0.0,0.0,0.0,25403990.0,17714068.0,9397334.0,6471940.0,3749656.0,2406828.0,2171144.0,3648350.0,590136.0,49634.0,73183388.0,24256.0,47526.0,13494.0,370.0,29334516.0,891446.0,3988774.0,8267556.0,464620.0,366060.0,300380.0,265960.0,234640.0,219180.0,231260.0,207560.0,203120.0,804191.88,73183388.0,73183388.0,73273662.0,448458.0,76542.0,24752.0,551560.0,71603076.0,1209600.0,1530694.0,2.0,44.0,0.0,46337569.92,16632338.88,8579880.0,0.0,8.0,51802.0,1988758.0,14701218.0,23289062.0,21212710.0,9856986.0,437534.0,59264.0,5724.0,22.0,8.0,5444.0,73183388.0,0.0,30676.0,7598.0,9727024.0,4409840.0,31289698.0,26055246.0,82998.0,0.0,0.0,0.0,3780.0,38942.0,31242978.0,11132514.0,6.0,213576.0,0.0,0.0,35154448.0,62250.0,3998.0,0.0,0.0,0.0,0.0,0.0,0.0,0.0,0.0,494198.0,266770.0,61746.0,0.0,0.0,1927674.0,282862.0,11427320.0,1879004.0,0.0,0.0,0.0,0.0,627060.0,746.56,846.0,25540920.0,9675008.0,5779438.0,2704472.0,6367602.0,15507068.0,5029658.0,964724.0,34192.0,0.0,0.0,0.0,1,1,1,1,1,0,0,0,0,0,0,0,0,0,1,0,1,1,1,1,1,1,1,0,0,0,0,0,0,0,0,0,1,1,1,1,1,1,1,1,1,1,1,71603086.0,4.725178185755849,0.3332492959870473,71603082.0,7.805202658734718,0.8052026587347176,71603082.0,4.541700677074208,0.5698252765153321,71603080.0,1.769343274060278,0.3547890677328405,71603080.0,3.33058566754391,0.32525223775290113,71603080.0,4.030890514765566,0.4369881574926665,71603082.0,2.3680209742926985,0.35670140567413006
750072.0,0.0,0.0,122.0,0.0,0.0,0.0,0.0,0.0,40870.0,2861592.0,26209040.0,20020540.0,1389204.0,9234.0,0.0,19272832.0,14252.0,0.0,0.0,20224.0,41268.0,37210932.0,28291898.0,15622912.0,7486006.0,0.0,0.0,0.0,0.0,0.0,0.0,0.0,0.0,0.0,0.0,0.0,3350230.0,44704360.0,1922104.0,553782.0,0.0,37620.0,9880.0,19396.0,40644.0,13896444.0,36512722.0,13188.0,264.0,200.0,118.0,23473402.0,5227016.0,3375284.0,2806108.0,2526562.0,3567994.0,6118804.0,3123116.0,291420.0,20768.0,52865786.0,640.0,1318.0,3756.0,1418.0,19272832.0,944370.0,7831062.0,7739230.0,360460.0,368260.0,352700.0,337400.0,399180.0,397160.0,344580.0,329140.0,241820.0,750072.46,52865786.0,52865786.0,51701662.0,345301.0,2063188.0,24752.0,714280.0,50530470.0,1209600.0,0.0,2.0,44.0,0.0,46182105.6,0.0,4276919.04,0.0,8.0,0.0,206.0,438742.0,13059636.0,25681316.0,10245344.0,890608.0,177284.0,36830.0,508.0,8.0,0.0,52865786.0,0.0,57622.0,12618.0,1861696.0,2711932.0,10640816.0,33441824.0,1765928.0,38038.0,0.0,0.0,216.0,278.0,1107012.0,44304.0,0.0,212.0,0.0,0.0,1697258.0,24906.0,3780.0,0.0,0.0,0.0,0.0,0.0,0.0,0.0,0.0,627040.0,869902.0,176498.0,0.0,0.0,1695800.0,234412.0,50770120.0,7625030.0,0.0,0.0,0.0,0.0,627060.0,746.56,846.0,4608614.0,9977738.0,8086802.0,4858614.0,12640332.0,8623050.0,1614508.0,84410.0,35802.0,606.0,0.0,0.0,1,1,0,1,1,0,0,0,0,0,0,0,0,0,1,0,1,1,1,1,1,1,1,1,1,1,1,1,1,1,1,1,1,1,1,1,1,1,1,1,1,1,1,50530480.0,5.393491571819623,0.5186778356350464,50530476.0,5.993656066093658,0.8847009476023935,50530476.0,4.7180166678026145,0.7225881268167749,50530474.0,2.165723480052849,0.464539517282185,50530474.0,3.975668821155329,0.5082342192159132,50530474.0,4.601303047345252,0.6618149673403024,50530476.0,2.8690319481653015,0.25015264055695813
38624.0,0.0,412.0,298.0,0.0,0.0,0.0,0.0,0.0,0.0,77020.0,1002054.0,1104028.0,290424.0,13892.0,0.0,1260854.0,0.0,366.0,0.0,1200.0,1802.0,2221256.0,1969330.0,344618.0,210276.0,0.0,0.0,0.0,0.0,272.0,350.0,0.0,0.0,0.0,0.0,0.0,8290.0,860298.0,1373976.0,244854.0,0.0,2046.0,1486.0,1444.0,3628.0,1135298.0,1338784.0,4732.0,0.0,0.0,0.0,651980.0,683886.0,247950.0,203250.0,225836.0,311686.0,162436.0,394.0,0.0,0.0,2567512.0,484.0,1512.0,344.0,4.0,1260854.0,35074.0,192160.0,151620.0,145760.0,172540.0,237100.0,248500.0,267420.0,288320.0,301420.0,317460.0,22140.0,38624.99,2567512.0,2567512.0,2570954.0,16175.0,9968.0,10378.0,143340.0,2487418.0,1209600.0,83550.0,0.0,152.0,0.0,2247315.84,0.0,221976.0,0.0,0.0,0.0,0.0,3174.0,363222.0,1177156.0,800948.0,130796.0,9130.0,2834.0,158.0,0.0,4.0,2567512.0,0.0,3112.0,438.0,22356.0,124730.0,77684.0,1390398.0,849140.0,19470.0,90.0,0.0,572.0,1412.0,2226242.0,72120.0,48.0,24192.0,0.0,0.0,2286620.0,1396.0,168.0,0.0,0.0,0.0,0.0,0.0,0.0,0.0,0.0,18604.0,32746.0,4878.0,0.0,0.0,76918.0,10426.0,158000.0,32932.0,0.0,0.0,0.0,0.0,1287120.0,883.84,936.0,236438.0,546778.0,383522.0,172608.0,328716.0,283532.0,184804.0,123184.0,204098.0,23738.0,0.0,0.0,0,1,0,0,0,0,0,1,1,1,1,1,1,0,0,0,0,0,0,0,0,0,1,0,0,0,0,0,0,0,0,0,0,0,0,0,0,0,0,0,0,0,0,2487418.0,5.663150302844154,0.4438449830305964,2487418.0,6.745911624021375,0.5523703695961033,2487418.0,4.534325151623088,0.5382223655211951,2487418.0,2.1020528113891594,0.2749381085125218,2487418.0,4.294476441032428,0.473244143123512,2487418.0,5.191695163418452,0.5589723962759777,2487418.0,3.369641933925058,0.21981749750142518
42754.0,0.0,296.0,256.0,0.0,0.0,0.0,0.0,0.0,0.0,1492.0,221282.0,1740990.0,776732.0,51798.0,280.0,1193708.0,0.0,0.0,0.0,0.0,0.0,2499558.0,2154106.0,423958.0,282938.0,0.0,0.0,0.0,0.0,316.0,182.0,0.0,0.0,0.0,0.0,0.0,142458.0,1631702.0,496582.0,521832.0,0.0,8052.0,5314.0,19912.0,155008.0,2190600.0,413610.0,76.0,0.0,2.0,0.0,956536.0,556376.0,266948.0,215734.0,173814.0,175606.0,284058.0,163502.0,0.0,0.0,2924222.0,190.0,1030.0,64.0,16.0,1193708.0,34278.0,214536.0,208540.0,168120.0,173340.0,237100.0,248500.0,267420.0,288320.0,301420.0,317460.0,76100.0,42753.33,2924222.0,2924222.0,2920000.0,19299.0,5004.0,45858.0,497860.0,2792574.0,1209600.0,86874.0,24.0,66.0,0.0,2393752.32,0.0,396380.16,0.0,0.0,0.0,0.0,0.0,4648.0,550376.0,1523274.0,668850.0,38538.0,6296.0,592.0,54.0,66.0,2924222.0,0.0,4646.0,572.0,16538.0,177002.0,144222.0,1833594.0,603526.0,12430.0,44.0,0.0,372.0,634.0,2267200.0,58062.0,0.0,65180.0,0.0,50.0,2420550.0,1790.0,378.0,0.0,0.0,0.0,0.0,0.0,0.0,0.0,0.0,19510.0,47988.0,8314.0,0.0,0.0,75874.0,15396.0,293820.0,67498.0,0.0,0.0,0.0,0.0,4036320.0,1338.38,1434.0,422852.0,477202.0,364850.0,183516.0,368154.0,330576.0,227002.0,156402.0,253346.0,8674.0,0.0,0.0,0,1,0,0,0,0,0,1,1,1,1,1,1,0,0,0,0,0,0,0,0,0,1,0,0,0,0,0,0,0,0,0,0,0,0,0,0,0,0,0,0,0,0,2792574.0,6.23523172528284,0.6234355830857123,2792574.0,6.500537496947261,0.5843003623180621,2792574.0,4.061157913809983,0.7844375833908072,2792574.0,2.205714870939857,0.3425284343405045,2792574.0,5.0743077891579595,0.5454731011604348,2792574.0,5.019752386149839,0.6565963874189189,2792574.0,3.382043233232136,0.1708824904908518
26924.0,0.0,2130706432.0,580.0,0.0,0.0,0.0,0.0,0.0,482.0,434550.0,1106452.0,137832.0,8582.0,0.0,0.0,755726.0,0.0,0.0,0.0,6878.0,10530.0,1569010.0,1435320.0,425066.0,107002.0,0.0,0.0,0.0,0.0,242.0,1530.0,0.0,0.0,0.0,0.0,0.0,0.0,3260.0,768962.0,915676.0,0.0,1274.0,580.0,888.0,1440.0,2460.0,576328.0,1103358.0,1570.0,0.0,0.0,723826.0,406314.0,177686.0,132774.0,78390.0,58242.0,42546.0,32208.0,22518.0,13394.0,2001366.0,3736.0,154.0,642.0,2.0,755726.0,17414.0,307820.0,115342.0,294640.0,220760.0,237100.0,248500.0,267420.0,288320.0,301420.0,317460.0,126720.0,26924.46,2001366.0,2001366.0,1984654.0,7274.0,286.0,76872.0,787720.0,1689338.0,1209600.0,59524.0,2.0,50.0,0.0,1475410.56,253.44,211151.04,6.0,306.0,0.0,0.0,207124.0,1008274.0,427482.0,38738.0,3986.0,1898.0,396.0,0.0,4.0,10.0,2001366.0,0.0,3474.0,408.0,111256.0,136460.0,42718.0,1071852.0,310712.0,10952.0,66.0,0.0,374.0,2498.0,1488344.0,504880.0,0.0,0.0,0.0,0.0,1489360.0,2586.0,894.0,0.0,0.0,0.0,254.0,0.0,0.0,0.0,0.0,8662.0,11672.0,2174.0,3910984.0,440400.0,70892.0,10810.0,4902080.0,490652.0,1918808.0,36870.0,0.0,0.0,0.0,8.8,870.0,226100.0,296728.0,197150.0,69424.0,114986.0,100010.0,332396.0,349892.0,1212.0,0.0,0.0,0.0,0,0,0,0,0,0,1,1,1,1,1,1,1,0,0,0,0,0,0,0,0,0,0,0,0,0,0,0,0,0,0,0,0,0,0,0,0,0,0,0,0,0,0,1687898.0,4.833806308201088,0.6555206534992043,1687898.0,7.540563470067504,0.5424948663959552,1687898.0,5.6456574982611505,0.6536876043457602,1687898.0,1.5085034759209384,0.42883278491946786,1687898.0,3.1892081156562777,0.597354816464028,1687898.0,4.801176374401771,0.6350217844917169,1687898.0,3.7399238579582414,0.20729451661178577
52120.0,0.0,174.0,166.0,0.0,0.0,0.0,0.0,0.0,0.0,3368.0,472506.0,2002646.0,728880.0,73404.0,3398.0,1378988.0,0.0,0.0,0.0,0.0,0.0,2978998.0,2626630.0,548398.0,303534.0,0.0,0.0,0.0,0.0,534.0,152.0,0.0,0.0,0.0,0.0,0.0,178070.0,2170078.0,647368.0,288686.0,0.0,2654.0,742.0,1714.0,358192.0,2575994.0,344894.0,12.0,0.0,0.0,0.0,1045294.0,756800.0,237934.0,168022.0,128114.0,115610.0,234628.0,597800.0,0.0,0.0,3527920.0,60.0,82.0,196.0,24.0,1378988.0,35340.0,351924.0,195008.0,204840.0,145040.0,237100.0,248500.0,267420.0,288320.0,301420.0,317460.0,193260.0,52120.86,3527920.0,3527920.0,3505844.0,25876.0,198.0,107456.0,1102520.0,3284202.0,1209600.0,101842.0,2.0,72.0,0.0,2791512.96,0.0,489334.08,0.0,0.0,0.0,0.0,0.0,32644.0,702744.0,1810386.0,690226.0,41062.0,6382.0,758.0,14.0,22.0,3527920.0,0.0,5612.0,620.0,126180.0,218910.0,134634.0,2012704.0,768080.0,17314.0,148.0,0.0,262.0,404.0,2792610.0,17424.0,0.0,1906.0,0.0,16.0,2815068.0,2186.0,234.0,0.0,0.0,0.0,0.0,0.0,0.0,0.0,0.0,20400.0,73674.0,22058.0,0.0,0.0,91926.0,16334.0,5827980.0,588204.0,0.0,0.0,0.0,0.0,425980.0,1317.32,1346.0,507100.0,523120.0,380642.0,188200.0,352092.0,312382.0,300204.0,274802.0,436450.0,9210.0,0.0,0.0,0,1,0,0,0,0,0,1,1,1,1,1,1,0,0,0,0,0,0,0,0,0,1,0,0,0,0,0,0,0,0,0,0,0,0,0,0,0,0,0,0,0,0,3284202.0,6.1238169881146165,0.6097816151381675,3284202.0,6.318698423543984,0.6607626449286615,3284202.0,3.991004207414769,0.7843591837530091,3284202.0,2.56366934798773,0.31827944809728514,3284202.0,5.008067713252717,0.551240758028891,3284202.0,4.945684826938172,0.6128441551402746,3284202.0,3.689970957937423,0.15928374685844537
2396.0,0.0,12.0,8.0,0.0,0.0,0.0,0.0,0.0,3312.0,117378.0,21030.0,1592.0,0.0,0.0,0.0,56242.0,0.0,0.0,0.0,9092.0,17106.0,118516.0,112088.0,42510.0,7466.0,0.0,0.0,0.0,0.0,50.0,22.0,0.0,0.0,0.0,0.0,0.0,0.0,7540.0,88006.0,47766.0,0.0,1612.0,98.0,44.0,52.0,130.0,122766.0,12316.0,6294.0,0.0,0.0,58344.0,42926.0,19282.0,9636.0,5992.0,3526.0,2058.0,968.0,416.0,164.0,170194.0,4.0,0.0,26.0,0.0,56242.0,1134.0,23672.0,18460.0,209420.0,220760.0,237100.0,248500.0,267420.0,288320.0,301420.0,317460.0,41780.0,2396.36,170194.0,170194.0,170800.0,756.0,0.0,16444.0,169460.0,143458.0,1209600.0,2814.0,56.0,8.0,0.0,120108.48,0.0,22078.08,6.0,46.0,0.0,2150.0,23520.0,23950.0,20660.0,52620.0,20392.0,14.0,6.0,0.0,2.0,6.0,170194.0,0.0,1482.0,40.0,5070.0,2528.0,3354.0,31332.0,94076.0,5390.0,40.0,0.0,24.0,36.0,120234.0,20714.0,0.0,0.0,0.0,0.0,122336.0,232.0,50.0,0.0,0.0,0.0,0.0,0.0,0.0,0.0,0.0,1068.0,636.0,132.0,0.0,0.0,2728.0,650.0,0.0,0.0,0.0,0.0,0.0,0.0,1396380.0,240.06,162.0,23840.0,16110.0,8268.0,4758.0,12744.0,17370.0,17060.0,42832.0,330.0,0.0,0.0,0.0,0,0,0,0,0,1,1,1,1,1,1,1,1,0,0,0,0,0,0,0,0,0,0,0,0,0,0,0,0,0,0,0,0,0,0,0,0,0,0,0,0,0,0,143312.0,4.145849614826393,0.819038182427152,143312.0,7.28068828848945,0.6140867477950207,143312.0,5.1122446131517245,0.8566344758289606,143312.0,1.2275594507089427,0.40711175616835993,143312.0,4.111853857318298,0.3671709277659931,143312.0,5.514862677235682,0.6564418890253433,143312.0,4.113891369878307,0.29887239030925533
60944.0,0.0,440.0,356.0,0.0,0.0,0.0,0.0,0.0,0.0,5430.0,978752.0,2624098.0,308610.0,3422.0,0.0,1982918.0,0.0,0.0,0.0,0.0,0.0,3655290.0,3264642.0,780214.0,294972.0,0.0,0.0,0.0,0.0,398.0,556.0,0.0,0.0,0.0,0.0,0.0,448442.0,2704076.0,661012.0,106782.0,0.0,2990.0,1036.0,1654.0,211438.0,2997886.0,705268.0,40.0,0.0,0.0,0.0,1836868.0,608500.0,325106.0,232000.0,209134.0,505906.0,202798.0,0.0,0.0,0.0,4436560.0,0.0,26.0,3002.0,68.0,1982918.0,57650.0,538854.0,239286.0,180240.0,218800.0,265160.0,248500.0,267420.0,288320.0,301420.0,317460.0,106200.0,60944.22,4436560.0,4436560.0,4420136.0,23631.0,8830.0,73778.0,796220.0,3920312.0,1209600.0,116120.0,2.0,200.0,0.0,3339429.12,0.0,577200.96,0.0,0.0,0.0,0.0,0.0,144866.0,1630536.0,1737292.0,380172.0,22292.0,4752.0,402.0,126.0,134.0,4436560.0,0.0,5760.0,820.0,10478.0,234530.0,193742.0,2145894.0,1301246.0,27640.0,202.0,0.0,412.0,650.0,3232144.0,562754.0,46.0,52.0,0.0,0.0,3393340.0,2596.0,168.0,0.0,0.0,0.0,0.0,0.0,0.0,0.0,0.0,29438.0,39548.0,10022.0,0.0,0.0,142830.0,22126.0,181480.0,27732.0,0.0,0.0,0.0,0.0,41454250.0,1944.3,1876.0,610616.0,529780.0,457218.0,259362.0,576422.0,498152.0,563626.0,350978.0,73486.0,672.0,0.0,0.0,0,1,0,0,0,0,0,0,1,1,1,1,1,0,0,0,0,0,0,0,0,0,1,0,0,0,0,0,0,0,0,0,0,0,0,0,0,0,0,0,0,0,0,3920312.0,5.828034605408957,0.6693594795516276,3920312.0,6.108699001508043,0.6897604068247629,3920312.0,4.121300039384621,0.7647059723817901,3920312.0,1.667613700134071,0.46855148263709623,3920312.0,4.622568815951383,0.4431514634549495,3920312.0,5.160909641885646,0.5473783719254998,3920312.0,3.4311779266548172,0.15575699077012237
59172.0,0.0,2130706432.0,542.0,0.0,0.0,0.0,0.0,0.0,0.0,88346.0,1580270.0,2205470.0,527124.0,84974.0,1666.0,2052900.0,0.0,0.0,0.0,0.0,0.0,3737838.0,2996596.0,1090088.0,662760.0,0.0,0.0,1066.0,0.0,430.0,146.0,0.0,0.0,0.0,0.0,0.0,323806.0,2612108.0,1125048.0,426888.0,0.0,2824.0,2334.0,5098.0,8790.0,300874.0,4164712.0,3218.0,0.0,0.0,0.0,1514136.0,1096510.0,350056.0,260696.0,217896.0,205596.0,348072.0,493404.0,1484.0,0.0,4828608.0,102.0,478.0,430.0,98.0,2052900.0,77472.0,519222.0,568400.0,287220.0,246980.0,279080.0,248500.0,267420.0,288320.0,301420.0,317460.0,268660.0,59172.98,4828608.0,4828608.0,4827898.0,30774.0,11854.0,113936.0,1191100.0,4487850.0,1209600.0,163002.0,6.0,130.0,0.0,3583844.16,77988.48,822158.4,8.0,394.0,0.0,0.0,11076.0,487148.0,1649376.0,1923010.0,383324.0,27504.0,6074.0,338.0,18.0,28.0,4828608.0,0.0,6108.0,726.0,148428.0,534206.0,239216.0,2337476.0,1186570.0,34784.0,336.0,0.0,650.0,380.0,3443932.0,117136.0,0.0,3442.0,0.0,12.0,3644966.0,3846.0,452.0,0.0,0.0,2260.0,79708.0,0.0,0.0,0.0,0.0,50024.0,41862.0,26148.0,0.0,0.0,102838.0,29004.0,9727660.0,1208954.0,4651622.0,3260.0,0.0,0.0,895780.0,1269.82,1780.0,948544.0,848112.0,695270.0,340330.0,561846.0,406052.0,244180.0,152310.0,280000.0,11206.0,0.0,0.0,0,1,0,0,0,0,0,0,1,1,1,1,1,0,0,0,0,0,0,0,0,0,1,0,0,0,0,0,0,0,0,0,0,0,0,0,0,0,0,0,0,0,0,4487850.0,5.764944906803926,0.4914313089786869,4487850.0,6.368777476965585,0.5820399523156968,4487850.0,4.921123477834598,0.9279971478547634,4487850.0,2.235459295653821,0.33738560780774757,4487850.0,4.510011698251947,0.42849248526577316,4487850.0,4.882079392136546,0.520845393674031,4487850.0,2.7651080138596433,0.21135822275699945
775016.0,0.0,146.0,122.0,0.0,0.0,0.0,0.0,0.0,0.0,14588.0,215390.0,39435524.0,24400248.0,974392.0,1764.0,22429514.0,0.0,170254.0,0.0,0.0,0.0,44210188.0,34149796.0,21534698.0,9682960.0,0.0,0.0,328.0,0.0,114.0,66.0,0.0,0.0,0.0,0.0,0.0,11912.0,810664.0,17079956.0,47139370.0,0.0,50520.0,48316.0,69408.0,119700.0,23757052.0,40996698.0,206.0,2.0,0.0,0.0,27919048.0,13416366.0,7250616.0,4952762.0,3846116.0,3605084.0,3406572.0,634166.0,10998.0,172.0,65756036.0,16.0,64.0,174.0,2.0,22429514.0,897708.0,5445594.0,16041430.0,620780.0,573040.0,526740.0,547000.0,544920.0,465460.0,496160.0,470880.0,167380.0,775015.42,65756036.0,65756036.0,65699162.0,341600.0,966.0,24752.0,286700.0,65041896.0,1209600.0,3302.0,2.0,44.0,0.0,49516780.8,0.0,15489030.72,0.0,8.0,0.0,0.0,0.0,70914.0,17746082.0,37904624.0,8787348.0,463054.0,69448.0,432.0,8.0,14.0,65756036.0,0.0,62504.0,14558.0,7298742.0,5676746.0,13338856.0,37204880.0,1419146.0,26460.0,8.0,0.0,216.0,278.0,1107012.0,44304.0,0.0,212.0,0.0,0.0,1697258.0,1328.0,142.0,0.0,0.0,0.0,0.0,0.0,0.0,0.0,0.0,520434.0,10760.0,2236.0,0.0,0.0,46262.0,8106.0,178100.0,28602.0,0.0,0.0,0.0,0.0,627060.0,746.56,846.0,15998136.0,13819724.0,7434466.0,3747138.0,9628094.0,9052194.0,4387420.0,807074.0,167228.0,428.0,0.0,0.0,1,1,1,1,1,0,0,0,0,0,0,0,0,0,1,0,1,1,1,1,1,1,1,1,1,1,1,1,1,1,1,1,1,1,1,1,1,1,1,1,1,1,1,65041906.0,6.40142977974846,0.6063094768471269,65041902.0,7.711923861021162,0.7247538671301463,65041902.0,4.621008469278774,0.6303121024966336,65041900.0,1.555211240754037,0.4292471160897821,65041902.0,4.877549983086288,0.582772379565407,65041900.0,4.300647182816,0.572014040180253,65041902.0,2.4141226681839654,0.2459666078030744
646.0,0.0,58.0,48.0,0.0,0.0,0.0,0.0,2308.0,34942.0,20392.0,14996.0,2126.0,378.0,0.0,0.0,1014194.0,0.0,0.0,0.0,0.0,0.0,1889302.0,1619206.0,349806.0,175540.0,0.0,0.0,0.0,0.0,542.0,88.0,0.0,0.0,0.0,0.0,0.0,0.0,0.0,13444.0,61698.0,0.0,1176.0,138.0,174.0,222.0,2628.0,70804.0,0.0,0.0,0.0,0.0,35622.0,18916.0,12464.0,4948.0,1746.0,576.0,246.0,572.0,40.0,12.0,2336560.0,14.0,14.0,30.0,0.0,1014578.0,26072.0,177886.0,153530.0,209420.0,220760.0,237100.0,248500.0,267420.0,288320.0,301420.0,317460.0,50940.0,646.66,2333658.0,2333658.0,90596.0,268.0,0.0,24752.0,271280.0,75142.0,1209600.0,1912.0,0.0,24.0,0.0,40971.84,2057.28,31027.2,0.0,8.0,1310.0,35138.0,19184.0,15790.0,2496.0,1180.0,44.0,0.0,0.0,0.0,0.0,4.0,2333658.0,0.0,1152.0,38.0,752.0,3772.0,3940.0,63518.0,1970.0,0.0,0.0,0.0,68.0,194.0,38728.0,7752.0,0.0,12.0,0.0,0.0,45438.0,438.0,168.0,0.0,0.0,0.0,2058.0,0.0,0.0,0.0,0.0,14150.0,90.0,28.0,14254.0,2038.0,632.0,210.0,7640.0,764.0,66506.0,130.0,0.0,0.0,0.0,746.56,846.0,35850.0,11548.0,2456.0,1262.0,4750.0,9620.0,6502.0,3154.0,0.0,0.0,0.0,0.0,0,1,0,0,1,1,1,1,1,1,1,1,1,0,1,0,0,0,0,1,1,0,1,0,0,0,0,0,0,0,0,0,0,0,0,0,0,0,0,0,0,1,1,75142.0,3.7448031726597644,0.46501290889249686,75142.0,7.821085411620665,0.8210854116206648,75142.0,4.866572622501398,0.9422693034521307,75142.0,0.9909238508424051,0.4740624417769024,75142.0,1.8235341087540922,0.46762130366506083,75142.0,4.764685528732267,0.8453062202230444,75142.0,1.9754065635729685,0.47709669692049717
748.0,0.0,0.0,122.0,0.0,0.0,0.0,0.0,0.0,0.0,128.0,25086.0,19794.0,0.0,0.0,0.0,23694.0,0.0,58.0,0.0,0.0,0.0,48330.0,44536.0,7220.0,1408.0,0.0,0.0,0.0,0.0,0.0,0.0,0.0,0.0,0.0,0.0,0.0,0.0,24526.0,18908.0,1574.0,0.0,1664.0,20.0,52.0,58.0,152.0,41552.0,1510.0,0.0,0.0,0.0,21682.0,16676.0,4652.0,1354.0,88.0,80.0,450.0,26.0,0.0,0.0,55562.0,0.0,2.0,46.0,2.0,23694.0,338.0,3326.0,3800.0,1310700.0,1310700.0,1310700.0,1310700.0,1310700.0,1310700.0,1310700.0,1310700.0,7000.0,747.35,55562.0,55562.0,2295706.0,160.0,812.0,5378.0,55280.0,2079296.0,1209600.0,0.0,2.0,44.0,0.0,38978.88,0.0,4376.64,0.0,8.0,0.0,0.0,0.0,12414.0,31906.0,600.0,88.0,0.0,0.0,0.0,8.0,0.0,55562.0,0.0,1660.0,10.0,1180.0,260.0,722.0,32752.0,7632.0,790.0,2.0,0.0,216.0,278.0,1107012.0,44304.0,0.0,212.0,0.0,0.0,1697258.0,62.0,34.0,0.0,0.0,0.0,0.0,0.0,0.0,0.0,0.0,244.0,278.0,88.0,0.0,0.0,576.0,108.0,49460.0,6270.0,0.0,0.0,0.0,0.0,0.0,746.56,846.0,6500.0,4744.0,1386.0,352.0,3110.0,28912.0,4.0,0.0,0.0,0.0,0.0,0.0,0,1,0,1,0,0,0,0,0,0,0,0,0,1,0,1,1,1,1,1,1,1,1,1,1,1,1,1,1,1,1,1,0,0,0,0,0,0,0,0,0,1,1,45008.0,5.436944543192322,0.5573675790970494,45008.0,6.490046214006399,0.544925346605048,45008.0,4.837495556345538,0.9232136509065055,45008.0,0.7482225382154284,0.4817365801635265,45008.0,3.741423746889442,0.708896196231781,45008.0,4.913259864912904,0.727692854603626,45008.0,3.679257020974049,0.6423746889441877
965334.0,0.0,146.0,122.0,0.0,0.0,0.0,0.0,0.0,12072.0,1641404.0,30588762.0,27275434.0,2826144.0,27892.0,228.0,15330.0,584.0,480.0,2078.0,0.0,0.0,15570.0,6458.0,21498.0,6592.0,0.0,0.0,0.0,0.0,114.0,66.0,0.0,0.0,0.0,1144.0,6037110.0,18807782.0,22869592.0,13161536.0,1494768.0,0.0,47380.0,31448.0,42540.0,590780.0,30155680.0,31499364.0,4720.0,14.0,6.0,0.0,18625274.0,17015200.0,5667652.0,4255688.0,3583256.0,3626526.0,5310794.0,4271284.0,16258.0,0.0,37082.0,16.0,64.0,174.0,2.0,15330.0,376.0,10618.0,10752.0,209420.0,220760.0,237100.0,248500.0,267420.0,288320.0,301420.0,317460.0,21220.0,965333.01,37082.0,37082.0,64421378.0,389576.0,966.0,3354.0,36860.0,62371950.0,1209600.0,3302.0,2.0,44.0,0.0,54638860.8,0.0,7700230.08,28160.0,8.0,0.0,0.0,232770.0,11941594.0,34436914.0,14143804.0,1363318.0,213890.0,39448.0,194.0,8.0,14.0,37082.0,0.0,52692.0,11402.0,2434664.0,4435174.0,6748906.0,44915288.0,3671512.0,102294.0,0.0,0.0,216.0,278.0,1107012.0,44304.0,0.0,212.0,0.0,0.0,1697258.0,1328.0,142.0,0.0,0.0,0.0,0.0,0.0,0.0,0.0,0.0,372.0,10760.0,2236.0,0.0,0.0,46262.0,8106.0,178100.0,28602.0,0.0,0.0,0.0,0.0,627060.0,1.0,0.0,8166490.0,11296070.0,8154508.0,4135844.0,7886684.0,6702740.0,6303350.0,4497648.0,5133552.0,95046.0,0.0,0.0,1,1,1,1,0,1,1,1,1,1,1,1,1,0,0,0,1,1,1,0,1,1,1,1,1,1,1,1,1,1,1,1,1,1,1,1,1,1,1,1,1,0,0,62371936.0,5.502577986355915,0.4904250847688935,62371932.0,5.763766144040559,0.36666480044260935,62371932.0,4.489789958726948,0.5050246639786627,62371932.0,2.1720833980258942,0.29861627502576,62371932.0,4.0843927361429175,0.5521219705042967,62371932.0,4.689664671602605,0.7201201976555737,62371932.0,3.4679143817446603,0.18110822669402
40634.0,0.0,68.0,50.0,0.0,0.0,0.0,0.0,0.0,0.0,1116.0,48294.0,1621520.0,872682.0,57816.0,1896.0,1239814.0,0.0,0.0,0.0,0.0,0.0,2430294.0,2217194.0,366454.0,160726.0,0.0,0.0,0.0,0.0,318.0,94.0,0.0,0.0,0.0,0.0,0.0,0.0,801772.0,1425746.0,375806.0,0.0,3498.0,1306.0,2264.0,4754.0,432422.0,2159014.0,66.0,0.0,0.0,0.0,1038460.0,472204.0,231408.0,165404.0,129056.0,103874.0,120870.0,341912.0,136.0,0.0,2797274.0,114.0,906.0,452.0,12.0,1239814.0,28494.0,223304.0,142392.0,142020.0,159380.0,237100.0,248500.0,267420.0,288320.0,301420.0,317460.0,59600.0,40633.48,2797274.0,2797274.0,2807652.0,17937.0,6712.0,34494.0,370780.0,2603324.0,1209600.0,57768.0,0.0,80.0,0.0,2268136.32,0.0,331935.36,6.0,528.0,0.0,0.0,0.0,10262.0,337270.0,1329420.0,879266.0,41366.0,5390.0,350.0,0.0,6.0,2797274.0,0.0,5120.0,456.0,27320.0,186646.0,107546.0,1949290.0,311278.0,15484.0,184.0,0.0,92.0,232.0,2130188.0,175528.0,0.0,422.0,0.0,0.0,2303370.0,1486.0,134.0,0.0,0.0,0.0,0.0,0.0,0.0,0.0,0.0,15050.0,33862.0,7368.0,0.0,0.0,97330.0,15266.0,585320.0,93726.0,0.0,0.0,0.0,0.0,633500.0,1234.9,1160.0,352546.0,391288.0,264596.0,152842.0,396056.0,587212.0,381990.0,72290.0,4504.0,0.0,0.0,0.0,0,1,0,0,0,0,0,1,1,1,1,1,1,0,0,0,0,0,0,0,0,0,1,0,0,0,0,0,0,0,0,0,0,0,0,0,0,0,0,0,0,0,0,2603324.0,6.362412054742322,0.6228652292223327,2603324.0,6.836376109927155,0.5476636792039715,2603324.0,4.818935330369943,0.8293297338325925,2603324.0,2.1459172965024713,0.39889771691883147,2603324.0,5.238838500317287,0.5106625222215906,2603324.0,4.9049584300686355,0.7487696498783862,2603324.0,3.354669645422544,0.22556239638247103
877476.0,0.0,146.0,122.0,0.0,0.0,0.0,0.0,0.0,0.0,842130.0,23668950.0,37604806.0,7984326.0,181468.0,22.0,3523892.0,70692.0,0.0,0.0,0.0,0.0,5501396.0,3457026.0,4184246.0,1878520.0,0.0,0.0,12710.0,0.0,0.0,0.0,0.0,0.0,0.0,0.0,4558.0,32466.0,38571028.0,31233696.0,439954.0,0.0,75148.0,25952.0,38848.0,78248.0,12126716.0,57936262.0,496.0,26.0,6.0,0.0,25756962.0,14858128.0,5894836.0,4108026.0,3107144.0,3053686.0,7158770.0,6127504.0,181716.0,34930.0,9686834.0,1252.0,1888.0,3492.0,4420.0,3523892.0,350800.0,962886.0,3214270.0,254840.0,294220.0,575380.0,719080.0,747860.0,694860.0,646940.0,317460.0,236240.0,877476.8,9686834.0,9686834.0,71131414.0,454101.0,8180740.0,105192.0,1203740.0,70281702.0,1209600.0,0.0,2.0,44.0,0.0,56061119.04,526166.4,13622842.56,0.0,0.0,0.0,0.0,41978.0,9145888.0,35180426.0,22558580.0,3052670.0,261690.0,39888.0,582.0,8.0,0.0,9686834.0,0.0,44782.0,8658.0,9906070.0,4738758.0,5257652.0,38416020.0,11799922.0,109782.0,58.0,0.0,216.0,278.0,1107012.0,44304.0,0.0,212.0,0.0,0.0,1697258.0,52844.0,1370.0,0.0,0.0,0.0,0.0,0.0,0.0,0.0,0.0,308870.0,551358.0,185828.0,0.0,0.0,2490846.0,481788.0,53166200.0,33425482.0,0.0,0.0,0.0,0.0,627060.0,14176.26,18336.0,14612224.0,12750936.0,5683150.0,2478424.0,4596956.0,4116174.0,4512586.0,4137832.0,16638458.0,754962.0,0.0,0.0,1,1,1,1,0,0,0,0,0,0,0,0,1,0,0,0,1,1,1,0,0,1,1,1,1,1,1,1,1,1,1,1,1,1,1,1,1,1,1,1,1,0,0,70281702.0,5.758032581510334,0.535058271639466,70281702.0,6.456335306165466,0.5488061174158816,70281702.0,4.816755462182746,0.8243434685175951,70281702.0,2.1951962688666815,0.366481762208889,70281702.0,4.289998782328863,0.5005630910873502,70281702.0,4.534839665664329,0.5466005931387375,70281702.0,3.791368968270006,0.23673954281869838
324080.0,0.0,146.0,122.0,0.0,0.0,0.0,11556.0,831680.0,6596046.0,11181626.0,4670566.0,828804.0,183796.0,4570.0,0.0,9930192.0,0.0,0.0,0.0,1225124.0,1516262.0,20042760.0,19139290.0,3760712.0,1855310.0,0.0,0.0,0.0,0.0,14938.0,4556.0,0.0,0.0,0.0,0.0,0.0,0.0,0.0,12257908.0,12050736.0,0.0,15930.0,11696.0,16936.0,19300.0,574272.0,13756538.0,4551586.0,5325306.0,37080.0,0.0,8686134.0,3442784.0,2317858.0,1743866.0,1365406.0,1052466.0,867962.0,756510.0,393370.0,3682288.0,25028160.0,5760.0,9360.0,3984.0,0.0,9930192.0,267314.0,1426764.0,2331556.0,186560.0,202480.0,175720.0,188420.0,194560.0,217000.0,197120.0,200160.0,132520.0,324079.72,25028160.0,25028160.0,2295706.0,159964.0,7284.0,24752.0,822180.0,2079296.0,1209600.0,725630.0,2.0,44.0,0.0,18611727.36,2144393.28,3549341.76,518.0,2940.0,94480.0,828970.0,2371082.0,3313644.0,4047982.0,3450450.0,3281118.0,3267266.0,2554626.0,1099026.0,8.0,1146.0,25028160.0,0.0,11284.0,1692.0,1391476.0,4234626.0,546950.0,14192794.0,3893466.0,36260.0,96.0,0.0,2460.0,24618.0,16640286.0,2678878.0,0.0,197938.0,0.0,0.0,16994242.0,16176.0,608.0,0.0,0.0,0.0,0.0,0.0,0.0,0.0,0.0,134700.0,199202.0,50284.0,823649206.0,4934536.0,747354.0,176518.0,575100.0,137818.0,11633732.0,78618.0,0.0,0.0,627060.0,746.56,3408.0,5785306.0,3090846.0,3334826.0,1706762.0,3719606.0,4245316.0,2234060.0,164044.0,27878.0,0.0,0.0,0.0,1,0,1,1,1,0,0,0,0,0,0,0,0,1,1,1,1,1,1,0,0,1,0,0,0,0,0,0,0,0,0,0,1,1,1,1,1,1,1,1,1,1,0,24308644.0,3.9425623247434123,0.45998559195650734,24308644.0,7.495738717470213,0.5042612825297865,24308644.0,5.597455127484692,0.5659113688118514,24308644.0,2.9135704155279085,0.35732696566702776,24308644.0,5.012293404765811,0.16652438531742042,24308644.0,4.617932452340821,0.5838579066771474,24308644.0,2.705271425259262,0.2379937770284513
42714.0,0.0,2130706456.0,786.0,0.0,0.0,0.0,0.0,0.0,0.0,658.0,66414.0,2045454.0,734582.0,11334.0,0.0,1200220.0,0.0,538.0,0.0,0.0,0.0,2488438.0,2139372.0,578258.0,284184.0,0.0,0.0,0.0,0.0,1902.0,322.0,0.0,0.0,0.0,0.0,0.0,0.0,381474.0,2101464.0,375504.0,0.0,2854.0,2612.0,5482.0,143810.0,2191892.0,511770.0,16.0,6.0,0.0,0.0,961542.0,794896.0,377034.0,250798.0,172194.0,119482.0,96662.0,85834.0,0.0,0.0,3067198.0,212.0,124.0,686.0,30.0,1200220.0,28758.0,234772.0,337224.0,231320.0,224660.0,237100.0,248500.0,267420.0,288320.0,301420.0,317460.0,116400.0,42713.91,3067198.0,3067198.0,3055492.0,16425.0,530.0,48968.0,642140.0,2858442.0,1209600.0,72274.0,2.0,170.0,0.0,2333283.84,0.0,408371.52,0.0,0.0,0.0,0.0,0.0,17190.0,638914.0,1850890.0,336260.0,12384.0,2764.0,40.0,8.0,14.0,3067198.0,0.0,4558.0,422.0,44198.0,198696.0,160988.0,1650738.0,776900.0,21712.0,230.0,0.0,1148.0,918.0,2256534.0,130256.0,0.0,1624.0,0.0,20.0,2375758.0,2152.0,222.0,0.0,0.0,0.0,0.0,0.0,0.0,0.0,0.0,16782.0,20684.0,7988.0,0.0,0.0,56394.0,10058.0,10666500.0,1084074.0,0.0,0.0,0.0,0.0,12713930.0,1172.48,1262.0,425214.0,518782.0,295814.0,155820.0,374860.0,450880.0,315430.0,174206.0,143806.0,3630.0,0.0,0.0,0,1,0,0,0,0,0,1,1,1,1,1,1,0,0,0,0,0,0,0,0,0,1,0,0,0,0,0,0,0,0,0,0,0,0,0,0,0,0,0,0,0,0,2858442.0,6.241222316212818,0.7155835241715592,2858442.0,6.997911449663838,0.7351781145113317,2858442.0,4.118174166206626,0.7668135298879599,2858442.0,1.6681653851993499,0.33638674494707255,2858442.0,4.893713428504059,0.6475170739864583,2858442.0,5.036929907970846,0.5774957126994356,2858442.0,3.3678661312701115,0.18149117596228995
1064330.0,0.0,146.0,122.0,0.0,0.0,0.0,0.0,0.0,0.0,3434.0,167428.0,962208.0,107416.0,1428.0,0.0,21884078.0,4484.0,0.0,0.0,5185218.0,8524814.0,45685432.0,41293596.0,21574210.0,6937776.0,0.0,0.0,0.0,0.0,114.0,66.0,0.0,0.0,0.0,0.0,0.0,0.0,171462.0,340694.0,92352.0,0.0,2080.0,634.0,992.0,3748.0,71964.0,513408.0,260.0,0.0,0.0,0.0,668112.0,431986.0,182864.0,131762.0,99910.0,81386.0,67464.0,4274.0,20.0,0.0,72463092.0,16.0,64.0,174.0,2.0,21884078.0,752436.0,5032286.0,16513422.0,464160.0,476300.0,410720.0,387200.0,404960.0,400600.0,365620.0,368040.0,431600.0,1064329.98,72463092.0,72463092.0,1504.0,0.0,966.0,24752.0,924980.0,0.0,1209600.0,3302.0,2.0,44.0,0.0,56061687.36,0.0,12607176.0,0.0,0.0,0.0,0.0,0.0,34118.0,529992.0,713628.0,98196.0,9468.0,1734.0,26.0,8.0,14.0,72463092.0,0.0,3230.0,366.0,19800.0,119820.0,88636.0,1241850.0,232114.0,5938.0,46.0,0.0,0.0,0.0,0.0,0.0,0.0,0.0,0.0,0.0,0.0,1328.0,142.0,0.0,0.0,0.0,0.0,0.0,0.0,0.0,0.0,579910.0,10760.0,2236.0,0.0,0.0,46262.0,8106.0,178100.0,28602.0,0.0,0.0,0.0,0.0,627060.0,0.0,0.0,256852.0,341908.0,228052.0,109376.0,227050.0,192886.0,87550.0,38002.0,4460.0,0.0,0.0,0.0,1,1,1,1,1,0,0,0,0,0,0,0,0,0,1,0,1,1,1,0,0,1,1,0,0,0,0,0,0,0,0,0,1,1,1,1,1,1,1,1,1,0,0,1241914.0,5.9484473159977265,0.7747782857750215,604508.0,6.869133245548446,0.5635889020492698,593086.0,4.839632026384032,0.8656552338109481,1667778.0,1.4596858814542464,0.40060007986674484,1387162.0,4.657004733405327,0.5144518088009908,1711800.0,4.905852319196168,0.7254644234139502,1486136.0,2.574302755602448,0.23006508152685892
858470.0,0.0,146.0,122.0,0.0,0.0,0.0,0.0,0.0,148894.0,3570908.0,23592506.0,22280770.0,3813928.0,38374.0,0.0,21894980.0,32228.0,0.0,0.0,122788.0,209012.0,42913708.0,36788478.0,11425222.0,6044052.0,0.0,0.0,0.0,0.0,114.0,66.0,0.0,0.0,0.0,0.0,541458.0,10967032.0,16840624.0,18494098.0,6602168.0,0.0,29750.0,28712.0,46032.0,141570.0,9064596.0,42834648.0,1300012.0,60.0,0.0,0.0,16343700.0,11593566.0,7964480.0,4862560.0,3799998.0,5611234.0,3164974.0,104868.0,0.0,0.0,54466730.0,16.0,64.0,174.0,2.0,21894980.0,741650.0,5506634.0,5867230.0,351520.0,378160.0,377160.0,425080.0,298080.0,291780.0,260780.0,316900.0,374020.0,858469.44,54466730.0,54466730.0,54491566.0,335087.0,966.0,24752.0,1150860.0,53445380.0,1209600.0,3302.0,2.0,44.0,0.0,48018947.52,0.0,5407595.52,0.0,8.0,0.0,22128.0,1019952.0,13125112.0,25000246.0,12571658.0,1492528.0,179930.0,32894.0,932.0,8.0,14.0,54466730.0,0.0,34222.0,7874.0,2435906.0,1769810.0,2818964.0,41472388.0,4804996.0,101206.0,14.0,0.0,216.0,278.0,1107012.0,44304.0,0.0,212.0,0.0,0.0,1697258.0,1328.0,142.0,0.0,0.0,0.0,0.0,0.0,0.0,0.0,0.0,414522.0,10760.0,2236.0,0.0,0.0,46262.0,8106.0,178100.0,28602.0,0.0,0.0,0.0,0.0,627060.0,746.56,846.0,5707894.0,8093414.0,6893756.0,3957662.0,8983292.0,9205846.0,6370562.0,3467726.0,763572.0,1656.0,0.0,0.0,1,1,1,1,1,0,0,0,0,0,0,0,0,0,1,0,1,1,1,1,1,1,1,1,1,1,1,1,1,1,1,1,1,1,1,1,1,1,1,1,1,1,1,53445380.0,5.489379100681855,0.44143209384983323,53445380.0,6.367636753635207,0.34603735626914806,53445380.0,4.841907794462309,0.8014658703895453,53445380.0,1.966311924435751,0.3058019233842102,53445380.0,4.018735763502851,0.4677718822468846,53445380.0,4.834195995986931,0.7759770442272091,53445380.0,3.44907724484324,0.17224774152602151
59288.0,0.0,324.0,312.0,0.0,0.0,0.0,0.0,0.0,0.0,276.0,238464.0,2468860.0,870616.0,102382.0,1814.0,1667770.0,0.0,0.0,0.0,0.0,0.0,3358724.0,3027368.0,492572.0,275890.0,0.0,0.0,0.0,0.0,674.0,192.0,0.0,0.0,0.0,0.0,0.0,30478.0,1255846.0,354120.0,2041968.0,0.0,2824.0,2120.0,3930.0,33916.0,2357750.0,1280924.0,948.0,0.0,0.0,0.0,1173696.0,1021612.0,440256.0,320026.0,230932.0,184196.0,267896.0,43798.0,0.0,0.0,3851782.0,108.0,140.0,204.0,76.0,1667770.0,28980.0,183292.0,303362.0,161860.0,147180.0,148800.0,248500.0,267420.0,288320.0,301420.0,317460.0,27860.0,59287.81,3851782.0,3851782.0,3813704.0,20929.0,1530.0,17820.0,216140.0,3682412.0,1209600.0,88186.0,2.0,90.0,0.0,3191635.2,0.0,488376.0,0.0,0.0,0.0,0.0,0.0,9240.0,996346.0,2007976.0,612114.0,51690.0,4894.0,152.0,2.0,12.0,3851782.0,0.0,4818.0,532.0,52210.0,337352.0,152322.0,2282768.0,830916.0,21174.0,320.0,0.0,540.0,460.0,3174602.0,18216.0,0.0,36078.0,0.0,28.0,3225136.0,2462.0,546.0,0.0,0.0,0.0,0.0,0.0,0.0,0.0,0.0,16104.0,66996.0,12526.0,0.0,0.0,91778.0,16528.0,92380.0,21936.0,0.0,0.0,0.0,0.0,19287800.0,990.94,1354.0,528840.0,611224.0,313502.0,142608.0,341902.0,457428.0,569018.0,383546.0,331410.0,2934.0,0.0,0.0,0,1,0,0,0,0,0,0,1,1,1,1,1,0,0,0,0,0,0,0,0,0,1,0,0,0,0,0,0,0,0,0,0,0,0,0,0,0,0,0,0,0,0,3682412.0,6.22860179686575,0.6704464356514155,3682412.0,7.196926905517362,0.5545191575521696,3682412.0,4.332224639719835,0.6402732774062218,3682412.0,1.7979715469100144,0.31873022355999275,3682412.0,4.922865230723776,0.5452882512874714,3682412.0,4.963162731383669,0.619911080020378,3682412.0,3.8283103574504973,0.16598468612420336
2772.0,0.0,18.0,122.0,0.0,0.0,0.0,0.0,0.0,0.0,128570.0,117378.0,47934.0,21004.0,8286.0,1008.0,117034.0,0.0,0.0,0.0,5878.0,8848.0,316162.0,297940.0,79308.0,12204.0,0.0,0.0,0.0,0.0,64.0,4.0,0.0,0.0,0.0,0.0,0.0,0.0,0.0,4928.0,319252.0,0.0,2296.0,950.0,1126.0,2422.0,86300.0,231086.0,0.0,0.0,0.0,0.0,175456.0,60574.0,38262.0,23778.0,11790.0,6038.0,3154.0,2812.0,2222.0,94.0,401482.0,88.0,48.0,204.0,2.0,117034.0,2384.0,55860.0,23104.0,1310700.0,1310700.0,1310700.0,1310700.0,1310700.0,1310700.0,1310700.0,1310700.0,78160.0,2771.35,401482.0,401482.0,400206.0,1429.0,3714.0,39344.0,400020.0,324180.0,1209600.0,0.0,2.0,44.0,0.0,141159.36,52328.64,128923.2,0.0,8.0,0.0,0.0,38016.0,182864.0,75632.0,24680.0,2686.0,302.0,0.0,0.0,8.0,0.0,401482.0,0.0,1644.0,64.0,28858.0,61728.0,47554.0,181412.0,2920.0,0.0,0.0,0.0,216.0,278.0,1107012.0,44304.0,0.0,212.0,0.0,0.0,1697258.0,372.0,86.0,0.0,0.0,0.0,61736.0,0.0,0.0,0.0,0.0,1748.0,668.0,146.0,0.0,0.0,3214.0,526.0,508120.0,55798.0,0.0,0.0,0.0,0.0,8530.0,746.56,846.0,184436.0,18816.0,11438.0,4362.0,11358.0,28354.0,53460.0,11298.0,658.0,0.0,0.0,0.0,0,1,0,1,0,0,0,0,0,0,0,0,0,0,0,0,1,1,1,1,1,1,1,1,1,1,1,1,1,1,1,1,0,0,0,0,0,0,0,0,0,1,1,324180.0,4.969961132704054,0.39660065395767785,324180.0,7.984798568696403,0.9847985686964033,324180.0,4.661293108766735,0.7128323770744648,324180.0,1.0580911839101734,0.5412301807637732,324180.0,3.2968782775001544,0.5640816830156086,324180.0,4.188290455919551,0.559602689863656,324180.0,1.9960824233450551,0.5689308408908631
38910.0,0.0,756.0,570.0,0.0,0.0,0.0,0.0,0.0,0.0,6554.0,232966.0,1764556.0,455096.0,6200.0,0.0,1072454.0,0.0,0.0,0.0,0.0,0.0,2248722.0,2013124.0,330224.0,204584.0,0.0,0.0,0.0,0.0,246.0,454.0,0.0,0.0,0.0,0.0,0.0,46720.0,1683736.0,555742.0,179174.0,0.0,1752.0,1226.0,1868.0,164726.0,1998706.0,297076.0,18.0,0.0,0.0,0.0,957776.0,574608.0,290002.0,232348.0,208474.0,172160.0,30004.0,0.0,0.0,0.0,2579218.0,0.0,20.0,212.0,4.0,1072454.0,28024.0,201414.0,127152.0,129760.0,181120.0,237100.0,248500.0,267420.0,288320.0,301420.0,317460.0,15620.0,38910.57,2579218.0,2579218.0,2582658.0,13514.0,1262.0,13644.0,155740.0,2465372.0,1209600.0,65944.0,2.0,92.0,0.0,2145243.84,0.0,318242.88,0.0,0.0,0.0,0.0,0.0,35264.0,515288.0,1352918.0,536622.0,21092.0,3680.0,508.0,266.0,274.0,2579218.0,0.0,2872.0,354.0,95328.0,152842.0,141720.0,1859644.0,204446.0,8004.0,162.0,0.0,604.0,742.0,2071528.0,111592.0,0.0,17782.0,0.0,14.0,2161650.0,1446.0,360.0,0.0,0.0,0.0,0.0,0.0,0.0,0.0,0.0,14344.0,50310.0,19136.0,0.0,0.0,72422.0,12726.0,6217440.0,659462.0,0.0,0.0,0.0,0.0,0.0,735.98,814.0,332790.0,297998.0,302846.0,178830.0,465550.0,539206.0,310704.0,35124.0,2324.0,0.0,0.0,0.0,0,1,0,0,0,0,0,1,1,1,1,1,1,0,0,0,0,0,0,0,0,0,1,0,0,0,0,0,0,0,0,0,0,0,0,0,0,0,0,0,0,0,0,2465372.0,6.089812815266824,0.7157362053272285,2465372.0,6.351821145044236,0.6829541343050867,2465372.0,4.04784835716476,0.8107117303189945,2465372.0,1.511486299025056,0.3884914730920932,2465372.0,5.002458858135811,0.5487682994696135,2465372.0,4.7857426789953,0.7543056382566201,2465372.0,3.2964980538433957,0.2187118211774937
241106.0,0.0,146.0,122.0,0.0,0.0,0.0,0.0,0.0,21014.0,622362.0,5335512.0,9572586.0,2326560.0,36524.0,622.0,6287136.0,0.0,0.0,0.0,13496.0,23832.0,15203322.0,13710310.0,3269804.0,1434900.0,0.0,0.0,0.0,0.0,114.0,66.0,0.0,0.0,0.0,0.0,0.0,722502.0,9101534.0,6504620.0,1586524.0,0.0,17532.0,23008.0,48120.0,3671098.0,11520972.0,2603310.0,31140.0,0.0,0.0,0.0,6984144.0,2981032.0,1407162.0,1225166.0,1182730.0,1304438.0,1552538.0,1087382.0,175874.0,14714.0,18489022.0,16.0,64.0,174.0,2.0,6287136.0,182144.0,1784674.0,1477144.0,230500.0,247440.0,199500.0,212660.0,202160.0,234900.0,231440.0,194820.0,64860.0,241106.65,18489022.0,18489022.0,2295706.0,117274.0,966.0,24752.0,309040.0,2079296.0,1209600.0,3302.0,2.0,44.0,0.0,15467683.2,0.0,2438761.92,0.0,8.0,0.0,980.0,44246.0,1156168.0,6661810.0,7484708.0,2295868.0,224582.0,43274.0,3544.0,8.0,14.0,18489022.0,0.0,14988.0,3476.0,1265866.0,1024258.0,3833488.0,11036100.0,714754.0,22248.0,2.0,0.0,216.0,278.0,1107012.0,44304.0,0.0,212.0,0.0,0.0,1697258.0,1328.0,142.0,0.0,0.0,0.0,0.0,0.0,0.0,0.0,0.0,93882.0,10760.0,2236.0,0.0,0.0,46262.0,8106.0,178100.0,28602.0,0.0,0.0,0.0,0.0,627060.0,746.56,846.0,2521494.0,4270726.0,3149424.0,1539148.0,2663608.0,1797910.0,1045372.0,482182.0,439104.0,6212.0,0.0,0.0,0,1,1,1,1,0,0,0,0,0,0,0,0,1,1,1,1,1,1,1,1,1,1,1,1,1,1,1,1,1,1,1,1,1,1,1,1,1,1,1,1,1,1,17915180.0,5.7632285023092145,0.5343282065823508,17915180.0,6.499864695749638,0.5080347504183603,17915180.0,3.9307347177086696,0.6430843563949679,17915180.0,2.187546203833844,0.38984503644395424,17915180.0,4.652709378303762,0.4177858106923849,17915180.0,4.497119761007146,0.6160194873844416,17915180.0,2.681929291249097,0.2383858828099969
50888.0,0.0,300.0,264.0,0.0,0.0,0.0,0.0,0.0,15412.0,211218.0,2351110.0,1109338.0,75068.0,0.0,0.0,1658006.0,0.0,0.0,0.0,1052.0,1900.0,3134652.0,2530878.0,801198.0,523584.0,0.0,0.0,0.0,0.0,284.0,152.0,0.0,0.0,0.0,0.0,0.0,122146.0,2388020.0,654558.0,597422.0,0.0,2354.0,696.0,1390.0,108954.0,2303218.0,1344540.0,994.0,0.0,0.0,0.0,1381512.0,798572.0,391026.0,315924.0,270328.0,225606.0,179064.0,180184.0,19892.0,38.0,3937622.0,62.0,76.0,1546.0,8.0,1658006.0,57274.0,341204.0,456822.0,264240.0,258000.0,219880.0,248500.0,267420.0,288320.0,301420.0,317460.0,51840.0,50888.08,3937622.0,3937622.0,3919976.0,22053.0,54094.0,24014.0,301240.0,3762146.0,1209600.0,130814.0,0.0,226.0,0.0,3040746.24,0.0,718769.28,0.0,0.0,0.0,0.0,34220.0,809900.0,2275492.0,591978.0,40386.0,8972.0,1198.0,0.0,30.0,38.0,3937622.0,0.0,5098.0,742.0,88374.0,406438.0,267796.0,2070310.0,904366.0,18726.0,296.0,0.0,554.0,616.0,2314570.0,54846.0,122.0,21322.0,0.0,0.0,3085328.0,2560.0,386.0,0.0,0.0,0.0,0.0,0.0,0.0,0.0,0.0,30492.0,71506.0,10154.0,0.0,0.0,82990.0,18710.0,2303460.0,606026.0,0.0,0.0,0.0,0.0,1307260.0,1482.84,1516.0,756910.0,684346.0,614564.0,274246.0,440000.0,331176.0,227806.0,151978.0,267366.0,13754.0,0.0,0.0,0,1,0,0,0,0,0,0,1,1,1,1,1,0,0,0,0,0,0,0,0,0,1,0,0,0,0,0,0,0,0,0,0,0,0,0,0,0,0,0,0,0,0,3762146.0,5.270439265249142,0.6249385324227184,3762146.0,6.459114558552486,0.634749422271225,3762146.0,4.325157503190998,0.6122085639419629,3762146.0,1.9225431442586227,0.36721381892143473,3762146.0,3.9537811663874822,0.6048388340059104,3762146.0,4.885292596300091,0.5503002807440222,3762146.0,2.882792959124925,0.20119102235798397
